Modelo,Estrategia,AUC_PR,AUC_ROC,Recall,Precision,F1,TP,FP,TN,FN,T_train_s,T_infer_ms_tx,Best_params,CV_AUC_PR_mean
LR,None,0.7189,0.9722,0.9184,0.0609,0.1141,90,1389,55475,8,3.727,0.00012,{'classifier__C': 1},0.7569
LR,SMOTE,0.7237,0.9699,0.9184,0.0581,0.1094,90,1458,55406,8,5.214,0.00028,{'classifier__C': 0.1},0.7533
LR,ADASYN,0.7316,0.9725,0.9184,0.0181,0.0355,90,4886,51978,8,5.843,0.00012,{'classifier__C': 1},0.7471
DT,None,0.6119,0.8671,0.7347,0.6102,0.6667,72,46,56818,26,31.61,4e-05,"{'classifier__max_depth': None, 'classifier__min_samples_split': 10}",0.6158
DT,SMOTE,0.4512,0.885,0.8265,0.053,0.0997,81,1446,55418,17,95.906,6e-05,"{'classifier__max_depth': 8, 'classifier__min_samples_split': 2}",0.5247
DT,ADASYN,0.2984,0.8715,0.7347,0.3956,0.5143,72,110,56754,26,116.384,5e-05,"{'classifier__max_depth': None, 'classifier__min_samples_split': 5}",0.2839
RF,None,0.8589,0.9572,0.7551,0.961,0.8457,74,3,56861,24,527.11,0.00108,"{'classifier__max_depth': None, 'classifier__max_features': 'sqrt', 'classifier__n_estimators': 200}",0.8463
RF,SMOTE,0.8756,0.9673,0.8367,0.8542,0.8454,82,14,56850,16,1557.634,0.00128,"{'classifier__max_depth': None, 'classifier__max_features': 'log2', 'classifier__n_estimators': 200}",0.8451
RF,ADASYN,0.8673,0.9772,0.8061,0.8404,0.8229,79,15,56849,19,1486.732,0.00114,"{'classifier__max_depth': None, 'classifier__max_features': 'log2', 'classifier__n_estimators': 200}",0.8375
XGB,None,0.883,0.9601,0.8367,0.8817,0.8586,82,11,56853,16,18.034,0.00021,"{'classifier__learning_rate': 0.3, 'classifier__max_depth': 6, 'classifier__n_estimators': 200}",0.8541
XGB,SMOTE,0.8433,0.9743,0.8776,0.2614,0.4028,86,243,56621,12,36.84,0.00025,"{'classifier__learning_rate': 0.1, 'classifier__max_depth': 6, 'classifier__n_estimators': 200}",0.8236
XGB,ADASYN,0.8489,0.9742,0.8367,0.5985,0.6979,82,55,56809,16,35.072,0.00024,"{'classifier__learning_rate': 0.3, 'classifier__max_depth': 6, 'classifier__n_estimators': 200}",0.8204
LGBM,None,0.1214,0.8865,0.8265,0.1002,0.1788,81,727,56137,17,330.151,0.0003,"{'classifier__learning_rate': 0.05, 'classifier__max_depth': 6, 'classifier__n_estimators': 100, 'classifier__num_leaves': 63}",0.0777
LGBM,SMOTE,0.8216,0.9698,0.8571,0.6942,0.7671,84,37,56827,14,679.528,0.00116,"{'classifier__learning_rate': 0.05, 'classifier__max_depth': -1, 'classifier__n_estimators': 200, 'classifier__num_leaves': 63}",0.8305
LGBM,ADASYN,0.8584,0.9779,0.8163,0.7921,0.804,80,21,56843,18,692.073,0.00162,"{'classifier__learning_rate': 0.1, 'classifier__max_depth': -1, 'classifier__n_estimators': 200, 'classifier__num_leaves': 63}",0.8481
